filename,algorithm
sample_000000.bin,AES
sample_000001.bin,AES
sample_000002.bin,AES
sample_000003.bin,AES
sample_000004.bin,AES
sample_000005.bin,AES
sample_000006.bin,AES
sample_000007.bin,AES
sample_000008.bin,AES
sample_000009.bin,AES
sample_000010.bin,AES
sample_000011.bin,AES
sample_000012.bin,AES
sample_000013.bin,AES
sample_000014.bin,AES
sample_000015.bin,AES
sample_000016.bin,AES
sample_000017.bin,AES
sample_000018.bin,AES
sample_000019.bin,AES
sample_000020.bin,AES
sample_000021.bin,AES
sample_000022.bin,AES
sample_000023.bin,AES
sample_000024.bin,AES
sample_000025.bin,AES
sample_000026.bin,AES
sample_000027.bin,AES
sample_000028.bin,AES
sample_000029.bin,AES
sample_000030.bin,AES
sample_000031.bin,AES
sample_000032.bin,AES
sample_000033.bin,AES
sample_000034.bin,AES
sample_000035.bin,AES
sample_000036.bin,AES
sample_000037.bin,AES
sample_000038.bin,AES
sample_000039.bin,AES
sample_000040.bin,AES
sample_000041.bin,AES
sample_000042.bin,AES
sample_000043.bin,AES
sample_000044.bin,AES
sample_000045.bin,AES
sample_000046.bin,AES
sample_000047.bin,AES
sample_000048.bin,AES
sample_000049.bin,AES
sample_000050.bin,AES
sample_000051.bin,AES
sample_000052.bin,AES
sample_000053.bin,AES
sample_000054.bin,AES
sample_000055.bin,AES
sample_000056.bin,AES
sample_000057.bin,AES
sample_000058.bin,AES
sample_000059.bin,AES
sample_000060.bin,AES
sample_000061.bin,AES
sample_000062.bin,AES
sample_000063.bin,AES
sample_000064.bin,AES
sample_000065.bin,AES
sample_000066.bin,AES
sample_000067.bin,AES
sample_000068.bin,AES
sample_000069.bin,AES
sample_000070.bin,AES
sample_000071.bin,AES
sample_000072.bin,AES
sample_000073.bin,AES
sample_000074.bin,AES
sample_000075.bin,AES
sample_000076.bin,AES
sample_000077.bin,AES
sample_000078.bin,AES
sample_000079.bin,AES
sample_000080.bin,AES
sample_000081.bin,AES
sample_000082.bin,AES
sample_000083.bin,AES
sample_000084.bin,AES
sample_000085.bin,AES
sample_000086.bin,AES
sample_000087.bin,AES
sample_000088.bin,AES
sample_000089.bin,AES
sample_000090.bin,AES
sample_000091.bin,AES
sample_000092.bin,AES
sample_000093.bin,AES
sample_000094.bin,AES
sample_000095.bin,AES
sample_000096.bin,AES
sample_000097.bin,AES
sample_000098.bin,AES
sample_000099.bin,AES
sample_000100.bin,AES
sample_000101.bin,AES
sample_000102.bin,AES
sample_000103.bin,AES
sample_000104.bin,AES
sample_000105.bin,AES
sample_000106.bin,AES
sample_000107.bin,AES
sample_000108.bin,AES
sample_000109.bin,AES
sample_000110.bin,AES
sample_000111.bin,AES
sample_000112.bin,AES
sample_000113.bin,AES
sample_000114.bin,AES
sample_000115.bin,AES
sample_000116.bin,AES
sample_000117.bin,AES
sample_000118.bin,AES
sample_000119.bin,AES
sample_000120.bin,AES
sample_000121.bin,AES
sample_000122.bin,AES
sample_000123.bin,AES
sample_000124.bin,AES
sample_000125.bin,AES
sample_000126.bin,AES
sample_000127.bin,AES
sample_000128.bin,AES
sample_000129.bin,AES
sample_000130.bin,AES
sample_000131.bin,AES
sample_000132.bin,AES
sample_000133.bin,AES
sample_000134.bin,AES
sample_000135.bin,AES
sample_000136.bin,AES
sample_000137.bin,AES
sample_000138.bin,AES
sample_000139.bin,AES
sample_000140.bin,AES
sample_000141.bin,AES
sample_000142.bin,AES
sample_000143.bin,AES
sample_000144.bin,AES
sample_000145.bin,AES
sample_000146.bin,AES
sample_000147.bin,AES
sample_000148.bin,AES
sample_000149.bin,AES
sample_000150.bin,AES
sample_000151.bin,AES
sample_000152.bin,AES
sample_000153.bin,AES
sample_000154.bin,AES
sample_000155.bin,AES
sample_000156.bin,AES
sample_000157.bin,AES
sample_000158.bin,AES
sample_000159.bin,AES
sample_000160.bin,AES
sample_000161.bin,AES
sample_000162.bin,AES
sample_000163.bin,AES
sample_000164.bin,AES
sample_000165.bin,AES
sample_000166.bin,AES
sample_000167.bin,AES
sample_000168.bin,AES
sample_000169.bin,AES
sample_000170.bin,AES
sample_000171.bin,AES
sample_000172.bin,AES
sample_000173.bin,AES
sample_000174.bin,AES
sample_000175.bin,AES
sample_000176.bin,AES
sample_000177.bin,AES
sample_000178.bin,AES
sample_000179.bin,AES
sample_000180.bin,AES
sample_000181.bin,AES
sample_000182.bin,AES
sample_000183.bin,AES
sample_000184.bin,AES
sample_000185.bin,AES
sample_000186.bin,AES
sample_000187.bin,AES
sample_000188.bin,AES
sample_000189.bin,AES
sample_000190.bin,AES
sample_000191.bin,AES
sample_000192.bin,AES
sample_000193.bin,AES
sample_000194.bin,AES
sample_000195.bin,AES
sample_000196.bin,AES
sample_000197.bin,AES
sample_000198.bin,AES
sample_000199.bin,AES
sample_000200.bin,AES
sample_000201.bin,AES
sample_000202.bin,AES
sample_000203.bin,AES
sample_000204.bin,AES
sample_000205.bin,AES
sample_000206.bin,AES
sample_000207.bin,AES
sample_000208.bin,AES
sample_000209.bin,AES
sample_000210.bin,AES
sample_000211.bin,AES
sample_000212.bin,AES
sample_000213.bin,AES
sample_000214.bin,AES
sample_000215.bin,AES
sample_000216.bin,AES
sample_000217.bin,AES
sample_000218.bin,AES
sample_000219.bin,AES
sample_000220.bin,AES
sample_000221.bin,AES
sample_000222.bin,AES
sample_000223.bin,AES
sample_000224.bin,AES
sample_000225.bin,AES
sample_000226.bin,AES
sample_000227.bin,AES
sample_000228.bin,AES
sample_000229.bin,AES
sample_000230.bin,AES
sample_000231.bin,AES
sample_000232.bin,AES
sample_000233.bin,AES
sample_000234.bin,AES
sample_000235.bin,AES
sample_000236.bin,AES
sample_000237.bin,AES
sample_000238.bin,AES
sample_000239.bin,AES
sample_000240.bin,AES
sample_000241.bin,AES
sample_000242.bin,AES
sample_000243.bin,AES
sample_000244.bin,AES
sample_000245.bin,AES
sample_000246.bin,AES
sample_000247.bin,AES
sample_000248.bin,AES
sample_000249.bin,AES
sample_000250.bin,AES
sample_000251.bin,AES
sample_000252.bin,AES
sample_000253.bin,AES
sample_000254.bin,AES
sample_000255.bin,AES
sample_000256.bin,AES
sample_000257.bin,AES
sample_000258.bin,AES
sample_000259.bin,AES
sample_000260.bin,AES
sample_000261.bin,AES
sample_000262.bin,AES
sample_000263.bin,AES
sample_000264.bin,AES
sample_000265.bin,AES
sample_000266.bin,AES
sample_000267.bin,AES
sample_000268.bin,AES
sample_000269.bin,AES
sample_000270.bin,AES
sample_000271.bin,AES
sample_000272.bin,AES
sample_000273.bin,AES
sample_000274.bin,AES
sample_000275.bin,AES
sample_000276.bin,AES
sample_000277.bin,AES
sample_000278.bin,AES
sample_000279.bin,AES
sample_000280.bin,AES
sample_000281.bin,AES
sample_000282.bin,AES
sample_000283.bin,AES
sample_000284.bin,AES
sample_000285.bin,AES
sample_000286.bin,AES
sample_000287.bin,AES
sample_000288.bin,AES
sample_000289.bin,AES
sample_000290.bin,AES
sample_000291.bin,AES
sample_000292.bin,AES
sample_000293.bin,AES
sample_000294.bin,AES
sample_000295.bin,AES
sample_000296.bin,AES
sample_000297.bin,AES
sample_000298.bin,AES
sample_000299.bin,AES
sample_000300.bin,AES
sample_000301.bin,AES
sample_000302.bin,AES
sample_000303.bin,AES
sample_000304.bin,AES
sample_000305.bin,AES
sample_000306.bin,AES
sample_000307.bin,AES
sample_000308.bin,AES
sample_000309.bin,AES
sample_000310.bin,AES
sample_000311.bin,AES
sample_000312.bin,AES
sample_000313.bin,AES
sample_000314.bin,AES
sample_000315.bin,AES
sample_000316.bin,AES
sample_000317.bin,AES
sample_000318.bin,AES
sample_000319.bin,AES
sample_000320.bin,AES
sample_000321.bin,AES
sample_000322.bin,AES
sample_000323.bin,AES
sample_000324.bin,AES
sample_000325.bin,AES
sample_000326.bin,AES
sample_000327.bin,AES
sample_000328.bin,AES
sample_000329.bin,AES
sample_000330.bin,AES
sample_000331.bin,AES
sample_000332.bin,AES
sample_000333.bin,AES
sample_000334.bin,AES
sample_000335.bin,AES
sample_000336.bin,AES
sample_000337.bin,AES
sample_000338.bin,AES
sample_000339.bin,AES
sample_000340.bin,AES
sample_000341.bin,AES
sample_000342.bin,AES
sample_000343.bin,AES
sample_000344.bin,AES
sample_000345.bin,AES
sample_000346.bin,AES
sample_000347.bin,AES
sample_000348.bin,AES
sample_000349.bin,AES
sample_000350.bin,AES
sample_000351.bin,AES
sample_000352.bin,AES
sample_000353.bin,AES
sample_000354.bin,AES
sample_000355.bin,AES
sample_000356.bin,AES
sample_000357.bin,AES
sample_000358.bin,AES
sample_000359.bin,AES
sample_000360.bin,AES
sample_000361.bin,AES
sample_000362.bin,AES
sample_000363.bin,AES
sample_000364.bin,AES
sample_000365.bin,AES
sample_000366.bin,AES
sample_000367.bin,AES
sample_000368.bin,AES
sample_000369.bin,AES
sample_000370.bin,AES
sample_000371.bin,AES
sample_000372.bin,AES
sample_000373.bin,AES
sample_000374.bin,AES
sample_000375.bin,AES
sample_000376.bin,AES
sample_000377.bin,AES
sample_000378.bin,AES
sample_000379.bin,AES
sample_000380.bin,AES
sample_000381.bin,AES
sample_000382.bin,AES
sample_000383.bin,AES
sample_000384.bin,AES
sample_000385.bin,AES
sample_000386.bin,AES
sample_000387.bin,AES
sample_000388.bin,AES
sample_000389.bin,AES
sample_000390.bin,AES
sample_000391.bin,AES
sample_000392.bin,AES
sample_000393.bin,AES
sample_000394.bin,AES
sample_000395.bin,AES
sample_000396.bin,AES
sample_000397.bin,AES
sample_000398.bin,AES
sample_000399.bin,AES
sample_000400.bin,AES
sample_000401.bin,AES
sample_000402.bin,AES
sample_000403.bin,AES
sample_000404.bin,AES
sample_000405.bin,AES
sample_000406.bin,AES
sample_000407.bin,AES
sample_000408.bin,AES
sample_000409.bin,AES
sample_000410.bin,AES
sample_000411.bin,AES
sample_000412.bin,AES
sample_000413.bin,AES
sample_000414.bin,AES
sample_000415.bin,AES
sample_000416.bin,AES
sample_000417.bin,AES
sample_000418.bin,AES
sample_000419.bin,AES
sample_000420.bin,AES
sample_000421.bin,AES
sample_000422.bin,AES
sample_000423.bin,AES
sample_000424.bin,AES
sample_000425.bin,AES
sample_000426.bin,AES
sample_000427.bin,AES
sample_000428.bin,AES
sample_000429.bin,AES
sample_000430.bin,AES
sample_000431.bin,AES
sample_000432.bin,AES
sample_000433.bin,AES
sample_000434.bin,AES
sample_000435.bin,AES
sample_000436.bin,AES
sample_000437.bin,AES
sample_000438.bin,AES
sample_000439.bin,AES
sample_000440.bin,AES
sample_000441.bin,AES
sample_000442.bin,AES
sample_000443.bin,AES
sample_000444.bin,AES
sample_000445.bin,AES
sample_000446.bin,AES
sample_000447.bin,AES
sample_000448.bin,AES
sample_000449.bin,AES
sample_000450.bin,AES
sample_000451.bin,AES
sample_000452.bin,AES
sample_000453.bin,AES
sample_000454.bin,AES
sample_000455.bin,AES
sample_000456.bin,AES
sample_000457.bin,AES
sample_000458.bin,AES
sample_000459.bin,AES
sample_000460.bin,AES
sample_000461.bin,AES
sample_000462.bin,AES
sample_000463.bin,AES
sample_000464.bin,AES
sample_000465.bin,AES
sample_000466.bin,AES
sample_000467.bin,AES
sample_000468.bin,AES
sample_000469.bin,AES
sample_000470.bin,AES
sample_000471.bin,AES
sample_000472.bin,AES
sample_000473.bin,AES
sample_000474.bin,AES
sample_000475.bin,AES
sample_000476.bin,AES
sample_000477.bin,AES
sample_000478.bin,AES
sample_000479.bin,AES
sample_000480.bin,AES
sample_000481.bin,AES
sample_000482.bin,AES
sample_000483.bin,AES
sample_000484.bin,AES
sample_000485.bin,AES
sample_000486.bin,AES
sample_000487.bin,AES
sample_000488.bin,AES
sample_000489.bin,AES
sample_000490.bin,AES
sample_000491.bin,AES
sample_000492.bin,AES
sample_000493.bin,AES
sample_000494.bin,AES
sample_000495.bin,AES
sample_000496.bin,AES
sample_000497.bin,AES
sample_000498.bin,AES
sample_000499.bin,AES
sample_000500.bin,DES
sample_000501.bin,DES
sample_000502.bin,DES
sample_000503.bin,DES
sample_000504.bin,DES
sample_000505.bin,DES
sample_000506.bin,DES
sample_000507.bin,DES
sample_000508.bin,DES
sample_000509.bin,DES
sample_000510.bin,DES
sample_000511.bin,DES
sample_000512.bin,DES
sample_000513.bin,DES
sample_000514.bin,DES
sample_000515.bin,DES
sample_000516.bin,DES
sample_000517.bin,DES
sample_000518.bin,DES
sample_000519.bin,DES
sample_000520.bin,DES
sample_000521.bin,DES
sample_000522.bin,DES
sample_000523.bin,DES
sample_000524.bin,DES
sample_000525.bin,DES
sample_000526.bin,DES
sample_000527.bin,DES
sample_000528.bin,DES
sample_000529.bin,DES
sample_000530.bin,DES
sample_000531.bin,DES
sample_000532.bin,DES
sample_000533.bin,DES
sample_000534.bin,DES
sample_000535.bin,DES
sample_000536.bin,DES
sample_000537.bin,DES
sample_000538.bin,DES
sample_000539.bin,DES
sample_000540.bin,DES
sample_000541.bin,DES
sample_000542.bin,DES
sample_000543.bin,DES
sample_000544.bin,DES
sample_000545.bin,DES
sample_000546.bin,DES
sample_000547.bin,DES
sample_000548.bin,DES
sample_000549.bin,DES
sample_000550.bin,DES
sample_000551.bin,DES
sample_000552.bin,DES
sample_000553.bin,DES
sample_000554.bin,DES
sample_000555.bin,DES
sample_000556.bin,DES
sample_000557.bin,DES
sample_000558.bin,DES
sample_000559.bin,DES
sample_000560.bin,DES
sample_000561.bin,DES
sample_000562.bin,DES
sample_000563.bin,DES
sample_000564.bin,DES
sample_000565.bin,DES
sample_000566.bin,DES
sample_000567.bin,DES
sample_000568.bin,DES
sample_000569.bin,DES
sample_000570.bin,DES
sample_000571.bin,DES
sample_000572.bin,DES
sample_000573.bin,DES
sample_000574.bin,DES
sample_000575.bin,DES
sample_000576.bin,DES
sample_000577.bin,DES
sample_000578.bin,DES
sample_000579.bin,DES
sample_000580.bin,DES
sample_000581.bin,DES
sample_000582.bin,DES
sample_000583.bin,DES
sample_000584.bin,DES
sample_000585.bin,DES
sample_000586.bin,DES
sample_000587.bin,DES
sample_000588.bin,DES
sample_000589.bin,DES
sample_000590.bin,DES
sample_000591.bin,DES
sample_000592.bin,DES
sample_000593.bin,DES
sample_000594.bin,DES
sample_000595.bin,DES
sample_000596.bin,DES
sample_000597.bin,DES
sample_000598.bin,DES
sample_000599.bin,DES
sample_000600.bin,DES
sample_000601.bin,DES
sample_000602.bin,DES
sample_000603.bin,DES
sample_000604.bin,DES
sample_000605.bin,DES
sample_000606.bin,DES
sample_000607.bin,DES
sample_000608.bin,DES
sample_000609.bin,DES
sample_000610.bin,DES
sample_000611.bin,DES
sample_000612.bin,DES
sample_000613.bin,DES
sample_000614.bin,DES
sample_000615.bin,DES
sample_000616.bin,DES
sample_000617.bin,DES
sample_000618.bin,DES
sample_000619.bin,DES
sample_000620.bin,DES
sample_000621.bin,DES
sample_000622.bin,DES
sample_000623.bin,DES
sample_000624.bin,DES
sample_000625.bin,DES
sample_000626.bin,DES
sample_000627.bin,DES
sample_000628.bin,DES
sample_000629.bin,DES
sample_000630.bin,DES
sample_000631.bin,DES
sample_000632.bin,DES
sample_000633.bin,DES
sample_000634.bin,DES
sample_000635.bin,DES
sample_000636.bin,DES
sample_000637.bin,DES
sample_000638.bin,DES
sample_000639.bin,DES
sample_000640.bin,DES
sample_000641.bin,DES
sample_000642.bin,DES
sample_000643.bin,DES
sample_000644.bin,DES
sample_000645.bin,DES
sample_000646.bin,DES
sample_000647.bin,DES
sample_000648.bin,DES
sample_000649.bin,DES
sample_000650.bin,DES
sample_000651.bin,DES
sample_000652.bin,DES
sample_000653.bin,DES
sample_000654.bin,DES
sample_000655.bin,DES
sample_000656.bin,DES
sample_000657.bin,DES
sample_000658.bin,DES
sample_000659.bin,DES
sample_000660.bin,DES
sample_000661.bin,DES
sample_000662.bin,DES
sample_000663.bin,DES
sample_000664.bin,DES
sample_000665.bin,DES
sample_000666.bin,DES
sample_000667.bin,DES
sample_000668.bin,DES
sample_000669.bin,DES
sample_000670.bin,DES
sample_000671.bin,DES
sample_000672.bin,DES
sample_000673.bin,DES
sample_000674.bin,DES
sample_000675.bin,DES
sample_000676.bin,DES
sample_000677.bin,DES
sample_000678.bin,DES
sample_000679.bin,DES
sample_000680.bin,DES
sample_000681.bin,DES
sample_000682.bin,DES
sample_000683.bin,DES
sample_000684.bin,DES
sample_000685.bin,DES
sample_000686.bin,DES
sample_000687.bin,DES
sample_000688.bin,DES
sample_000689.bin,DES
sample_000690.bin,DES
sample_000691.bin,DES
sample_000692.bin,DES
sample_000693.bin,DES
sample_000694.bin,DES
sample_000695.bin,DES
sample_000696.bin,DES
sample_000697.bin,DES
sample_000698.bin,DES
sample_000699.bin,DES
sample_000700.bin,DES
sample_000701.bin,DES
sample_000702.bin,DES
sample_000703.bin,DES
sample_000704.bin,DES
sample_000705.bin,DES
sample_000706.bin,DES
sample_000707.bin,DES
sample_000708.bin,DES
sample_000709.bin,DES
sample_000710.bin,DES
sample_000711.bin,DES
sample_000712.bin,DES
sample_000713.bin,DES
sample_000714.bin,DES
sample_000715.bin,DES
sample_000716.bin,DES
sample_000717.bin,DES
sample_000718.bin,DES
sample_000719.bin,DES
sample_000720.bin,DES
sample_000721.bin,DES
sample_000722.bin,DES
sample_000723.bin,DES
sample_000724.bin,DES
sample_000725.bin,DES
sample_000726.bin,DES
sample_000727.bin,DES
sample_000728.bin,DES
sample_000729.bin,DES
sample_000730.bin,DES
sample_000731.bin,DES
sample_000732.bin,DES
sample_000733.bin,DES
sample_000734.bin,DES
sample_000735.bin,DES
sample_000736.bin,DES
sample_000737.bin,DES
sample_000738.bin,DES
sample_000739.bin,DES
sample_000740.bin,DES
sample_000741.bin,DES
sample_000742.bin,DES
sample_000743.bin,DES
sample_000744.bin,DES
sample_000745.bin,DES
sample_000746.bin,DES
sample_000747.bin,DES
sample_000748.bin,DES
sample_000749.bin,DES
sample_000750.bin,DES
sample_000751.bin,DES
sample_000752.bin,DES
sample_000753.bin,DES
sample_000754.bin,DES
sample_000755.bin,DES
sample_000756.bin,DES
sample_000757.bin,DES
sample_000758.bin,DES
sample_000759.bin,DES
sample_000760.bin,DES
sample_000761.bin,DES
sample_000762.bin,DES
sample_000763.bin,DES
sample_000764.bin,DES
sample_000765.bin,DES
sample_000766.bin,DES
sample_000767.bin,DES
sample_000768.bin,DES
sample_000769.bin,DES
sample_000770.bin,DES
sample_000771.bin,DES
sample_000772.bin,DES
sample_000773.bin,DES
sample_000774.bin,DES
sample_000775.bin,DES
sample_000776.bin,DES
sample_000777.bin,DES
sample_000778.bin,DES
sample_000779.bin,DES
sample_000780.bin,DES
sample_000781.bin,DES
sample_000782.bin,DES
sample_000783.bin,DES
sample_000784.bin,DES
sample_000785.bin,DES
sample_000786.bin,DES
sample_000787.bin,DES
sample_000788.bin,DES
sample_000789.bin,DES
sample_000790.bin,DES
sample_000791.bin,DES
sample_000792.bin,DES
sample_000793.bin,DES
sample_000794.bin,DES
sample_000795.bin,DES
sample_000796.bin,DES
sample_000797.bin,DES
sample_000798.bin,DES
sample_000799.bin,DES
sample_000800.bin,DES
sample_000801.bin,DES
sample_000802.bin,DES
sample_000803.bin,DES
sample_000804.bin,DES
sample_000805.bin,DES
sample_000806.bin,DES
sample_000807.bin,DES
sample_000808.bin,DES
sample_000809.bin,DES
sample_000810.bin,DES
sample_000811.bin,DES
sample_000812.bin,DES
sample_000813.bin,DES
sample_000814.bin,DES
sample_000815.bin,DES
sample_000816.bin,DES
sample_000817.bin,DES
sample_000818.bin,DES
sample_000819.bin,DES
sample_000820.bin,DES
sample_000821.bin,DES
sample_000822.bin,DES
sample_000823.bin,DES
sample_000824.bin,DES
sample_000825.bin,DES
sample_000826.bin,DES
sample_000827.bin,DES
sample_000828.bin,DES
sample_000829.bin,DES
sample_000830.bin,DES
sample_000831.bin,DES
sample_000832.bin,DES
sample_000833.bin,DES
sample_000834.bin,DES
sample_000835.bin,DES
sample_000836.bin,DES
sample_000837.bin,DES
sample_000838.bin,DES
sample_000839.bin,DES
sample_000840.bin,DES
sample_000841.bin,DES
sample_000842.bin,DES
sample_000843.bin,DES
sample_000844.bin,DES
sample_000845.bin,DES
sample_000846.bin,DES
sample_000847.bin,DES
sample_000848.bin,DES
sample_000849.bin,DES
sample_000850.bin,DES
sample_000851.bin,DES
sample_000852.bin,DES
sample_000853.bin,DES
sample_000854.bin,DES
sample_000855.bin,DES
sample_000856.bin,DES
sample_000857.bin,DES
sample_000858.bin,DES
sample_000859.bin,DES
sample_000860.bin,DES
sample_000861.bin,DES
sample_000862.bin,DES
sample_000863.bin,DES
sample_000864.bin,DES
sample_000865.bin,DES
sample_000866.bin,DES
sample_000867.bin,DES
sample_000868.bin,DES
sample_000869.bin,DES
sample_000870.bin,DES
sample_000871.bin,DES
sample_000872.bin,DES
sample_000873.bin,DES
sample_000874.bin,DES
sample_000875.bin,DES
sample_000876.bin,DES
sample_000877.bin,DES
sample_000878.bin,DES
sample_000879.bin,DES
sample_000880.bin,DES
sample_000881.bin,DES
sample_000882.bin,DES
sample_000883.bin,DES
sample_000884.bin,DES
sample_000885.bin,DES
sample_000886.bin,DES
sample_000887.bin,DES
sample_000888.bin,DES
sample_000889.bin,DES
sample_000890.bin,DES
sample_000891.bin,DES
sample_000892.bin,DES
sample_000893.bin,DES
sample_000894.bin,DES
sample_000895.bin,DES
sample_000896.bin,DES
sample_000897.bin,DES
sample_000898.bin,DES
sample_000899.bin,DES
sample_000900.bin,DES
sample_000901.bin,DES
sample_000902.bin,DES
sample_000903.bin,DES
sample_000904.bin,DES
sample_000905.bin,DES
sample_000906.bin,DES
sample_000907.bin,DES
sample_000908.bin,DES
sample_000909.bin,DES
sample_000910.bin,DES
sample_000911.bin,DES
sample_000912.bin,DES
sample_000913.bin,DES
sample_000914.bin,DES
sample_000915.bin,DES
sample_000916.bin,DES
sample_000917.bin,DES
sample_000918.bin,DES
sample_000919.bin,DES
sample_000920.bin,DES
sample_000921.bin,DES
sample_000922.bin,DES
sample_000923.bin,DES
sample_000924.bin,DES
sample_000925.bin,DES
sample_000926.bin,DES
sample_000927.bin,DES
sample_000928.bin,DES
sample_000929.bin,DES
sample_000930.bin,DES
sample_000931.bin,DES
sample_000932.bin,DES
sample_000933.bin,DES
sample_000934.bin,DES
sample_000935.bin,DES
sample_000936.bin,DES
sample_000937.bin,DES
sample_000938.bin,DES
sample_000939.bin,DES
sample_000940.bin,DES
sample_000941.bin,DES
sample_000942.bin,DES
sample_000943.bin,DES
sample_000944.bin,DES
sample_000945.bin,DES
sample_000946.bin,DES
sample_000947.bin,DES
sample_000948.bin,DES
sample_000949.bin,DES
sample_000950.bin,DES
sample_000951.bin,DES
sample_000952.bin,DES
sample_000953.bin,DES
sample_000954.bin,DES
sample_000955.bin,DES
sample_000956.bin,DES
sample_000957.bin,DES
sample_000958.bin,DES
sample_000959.bin,DES
sample_000960.bin,DES
sample_000961.bin,DES
sample_000962.bin,DES
sample_000963.bin,DES
sample_000964.bin,DES
sample_000965.bin,DES
sample_000966.bin,DES
sample_000967.bin,DES
sample_000968.bin,DES
sample_000969.bin,DES
sample_000970.bin,DES
sample_000971.bin,DES
sample_000972.bin,DES
sample_000973.bin,DES
sample_000974.bin,DES
sample_000975.bin,DES
sample_000976.bin,DES
sample_000977.bin,DES
sample_000978.bin,DES
sample_000979.bin,DES
sample_000980.bin,DES
sample_000981.bin,DES
sample_000982.bin,DES
sample_000983.bin,DES
sample_000984.bin,DES
sample_000985.bin,DES
sample_000986.bin,DES
sample_000987.bin,DES
sample_000988.bin,DES
sample_000989.bin,DES
sample_000990.bin,DES
sample_000991.bin,DES
sample_000992.bin,DES
sample_000993.bin,DES
sample_000994.bin,DES
sample_000995.bin,DES
sample_000996.bin,DES
sample_000997.bin,DES
sample_000998.bin,DES
sample_000999.bin,DES
sample_001000.bin,3DES
sample_001001.bin,3DES
sample_001002.bin,3DES
sample_001003.bin,3DES
sample_001004.bin,3DES
sample_001005.bin,3DES
sample_001006.bin,3DES
sample_001007.bin,3DES
sample_001008.bin,3DES
sample_001009.bin,3DES
sample_001010.bin,3DES
sample_001011.bin,3DES
sample_001012.bin,3DES
sample_001013.bin,3DES
sample_001014.bin,3DES
sample_001015.bin,3DES
sample_001016.bin,3DES
sample_001017.bin,3DES
sample_001018.bin,3DES
sample_001019.bin,3DES
sample_001020.bin,3DES
sample_001021.bin,3DES
sample_001022.bin,3DES
sample_001023.bin,3DES
sample_001024.bin,3DES
sample_001025.bin,3DES
sample_001026.bin,3DES
sample_001027.bin,3DES
sample_001028.bin,3DES
sample_001029.bin,3DES
sample_001030.bin,3DES
sample_001031.bin,3DES
sample_001032.bin,3DES
sample_001033.bin,3DES
sample_001034.bin,3DES
sample_001035.bin,3DES
sample_001036.bin,3DES
sample_001037.bin,3DES
sample_001038.bin,3DES
sample_001039.bin,3DES
sample_001040.bin,3DES
sample_001041.bin,3DES
sample_001042.bin,3DES
sample_001043.bin,3DES
sample_001044.bin,3DES
sample_001045.bin,3DES
sample_001046.bin,3DES
sample_001047.bin,3DES
sample_001048.bin,3DES
sample_001049.bin,3DES
sample_001050.bin,3DES
sample_001051.bin,3DES
sample_001052.bin,3DES
sample_001053.bin,3DES
sample_001054.bin,3DES
sample_001055.bin,3DES
sample_001056.bin,3DES
sample_001057.bin,3DES
sample_001058.bin,3DES
sample_001059.bin,3DES
sample_001060.bin,3DES
sample_001061.bin,3DES
sample_001062.bin,3DES
sample_001063.bin,3DES
sample_001064.bin,3DES
sample_001065.bin,3DES
sample_001066.bin,3DES
sample_001067.bin,3DES
sample_001068.bin,3DES
sample_001069.bin,3DES
sample_001070.bin,3DES
sample_001071.bin,3DES
sample_001072.bin,3DES
sample_001073.bin,3DES
sample_001074.bin,3DES
sample_001075.bin,3DES
sample_001076.bin,3DES
sample_001077.bin,3DES
sample_001078.bin,3DES
sample_001079.bin,3DES
sample_001080.bin,3DES
sample_001081.bin,3DES
sample_001082.bin,3DES
sample_001083.bin,3DES
sample_001084.bin,3DES
sample_001085.bin,3DES
sample_001086.bin,3DES
sample_001087.bin,3DES
sample_001088.bin,3DES
sample_001089.bin,3DES
sample_001090.bin,3DES
sample_001091.bin,3DES
sample_001092.bin,3DES
sample_001093.bin,3DES
sample_001094.bin,3DES
sample_001095.bin,3DES
sample_001096.bin,3DES
sample_001097.bin,3DES
sample_001098.bin,3DES
sample_001099.bin,3DES
sample_001100.bin,3DES
sample_001101.bin,3DES
sample_001102.bin,3DES
sample_001103.bin,3DES
sample_001104.bin,3DES
sample_001105.bin,3DES
sample_001106.bin,3DES
sample_001107.bin,3DES
sample_001108.bin,3DES
sample_001109.bin,3DES
sample_001110.bin,3DES
sample_001111.bin,3DES
sample_001112.bin,3DES
sample_001113.bin,3DES
sample_001114.bin,3DES
sample_001115.bin,3DES
sample_001116.bin,3DES
sample_001117.bin,3DES
sample_001118.bin,3DES
sample_001119.bin,3DES
sample_001120.bin,3DES
sample_001121.bin,3DES
sample_001122.bin,3DES
sample_001123.bin,3DES
sample_001124.bin,3DES
sample_001125.bin,3DES
sample_001126.bin,3DES
sample_001127.bin,3DES
sample_001128.bin,3DES
sample_001129.bin,3DES
sample_001130.bin,3DES
sample_001131.bin,3DES
sample_001132.bin,3DES
sample_001133.bin,3DES
sample_001134.bin,3DES
sample_001135.bin,3DES
sample_001136.bin,3DES
sample_001137.bin,3DES
sample_001138.bin,3DES
sample_001139.bin,3DES
sample_001140.bin,3DES
sample_001141.bin,3DES
sample_001142.bin,3DES
sample_001143.bin,3DES
sample_001144.bin,3DES
sample_001145.bin,3DES
sample_001146.bin,3DES
sample_001147.bin,3DES
sample_001148.bin,3DES
sample_001149.bin,3DES
sample_001150.bin,3DES
sample_001151.bin,3DES
sample_001152.bin,3DES
sample_001153.bin,3DES
sample_001154.bin,3DES
sample_001155.bin,3DES
sample_001156.bin,3DES
sample_001157.bin,3DES
sample_001158.bin,3DES
sample_001159.bin,3DES
sample_001160.bin,3DES
sample_001161.bin,3DES
sample_001162.bin,3DES
sample_001163.bin,3DES
sample_001164.bin,3DES
sample_001165.bin,3DES
sample_001166.bin,3DES
sample_001167.bin,3DES
sample_001168.bin,3DES
sample_001169.bin,3DES
sample_001170.bin,3DES
sample_001171.bin,3DES
sample_001172.bin,3DES
sample_001173.bin,3DES
sample_001174.bin,3DES
sample_001175.bin,3DES
sample_001176.bin,3DES
sample_001177.bin,3DES
sample_001178.bin,3DES
sample_001179.bin,3DES
sample_001180.bin,3DES
sample_001181.bin,3DES
sample_001182.bin,3DES
sample_001183.bin,3DES
sample_001184.bin,3DES
sample_001185.bin,3DES
sample_001186.bin,3DES
sample_001187.bin,3DES
sample_001188.bin,3DES
sample_001189.bin,3DES
sample_001190.bin,3DES
sample_001191.bin,3DES
sample_001192.bin,3DES
sample_001193.bin,3DES
sample_001194.bin,3DES
sample_001195.bin,3DES
sample_001196.bin,3DES
sample_001197.bin,3DES
sample_001198.bin,3DES
sample_001199.bin,3DES
sample_001200.bin,3DES
sample_001201.bin,3DES
sample_001202.bin,3DES
sample_001203.bin,3DES
sample_001204.bin,3DES
sample_001205.bin,3DES
sample_001206.bin,3DES
sample_001207.bin,3DES
sample_001208.bin,3DES
sample_001209.bin,3DES
sample_001210.bin,3DES
sample_001211.bin,3DES
sample_001212.bin,3DES
sample_001213.bin,3DES
sample_001214.bin,3DES
sample_001215.bin,3DES
sample_001216.bin,3DES
sample_001217.bin,3DES
sample_001218.bin,3DES
sample_001219.bin,3DES
sample_001220.bin,3DES
sample_001221.bin,3DES
sample_001222.bin,3DES
sample_001223.bin,3DES
sample_001224.bin,3DES
sample_001225.bin,3DES
sample_001226.bin,3DES
sample_001227.bin,3DES
sample_001228.bin,3DES
sample_001229.bin,3DES
sample_001230.bin,3DES
sample_001231.bin,3DES
sample_001232.bin,3DES
sample_001233.bin,3DES
sample_001234.bin,3DES
sample_001235.bin,3DES
sample_001236.bin,3DES
sample_001237.bin,3DES
sample_001238.bin,3DES
sample_001239.bin,3DES
sample_001240.bin,3DES
sample_001241.bin,3DES
sample_001242.bin,3DES
sample_001243.bin,3DES
sample_001244.bin,3DES
sample_001245.bin,3DES
sample_001246.bin,3DES
sample_001247.bin,3DES
sample_001248.bin,3DES
sample_001249.bin,3DES
sample_001250.bin,3DES
sample_001251.bin,3DES
sample_001252.bin,3DES
sample_001253.bin,3DES
sample_001254.bin,3DES
sample_001255.bin,3DES
sample_001256.bin,3DES
sample_001257.bin,3DES
sample_001258.bin,3DES
sample_001259.bin,3DES
sample_001260.bin,3DES
sample_001261.bin,3DES
sample_001262.bin,3DES
sample_001263.bin,3DES
sample_001264.bin,3DES
sample_001265.bin,3DES
sample_001266.bin,3DES
sample_001267.bin,3DES
sample_001268.bin,3DES
sample_001269.bin,3DES
sample_001270.bin,3DES
sample_001271.bin,3DES
sample_001272.bin,3DES
sample_001273.bin,3DES
sample_001274.bin,3DES
sample_001275.bin,3DES
sample_001276.bin,3DES
sample_001277.bin,3DES
sample_001278.bin,3DES
sample_001279.bin,3DES
sample_001280.bin,3DES
sample_001281.bin,3DES
sample_001282.bin,3DES
sample_001283.bin,3DES
sample_001284.bin,3DES
sample_001285.bin,3DES
sample_001286.bin,3DES
sample_001287.bin,3DES
sample_001288.bin,3DES
sample_001289.bin,3DES
sample_001290.bin,3DES
sample_001291.bin,3DES
sample_001292.bin,3DES
sample_001293.bin,3DES
sample_001294.bin,3DES
sample_001295.bin,3DES
sample_001296.bin,3DES
sample_001297.bin,3DES
sample_001298.bin,3DES
sample_001299.bin,3DES
sample_001300.bin,3DES
sample_001301.bin,3DES
sample_001302.bin,3DES
sample_001303.bin,3DES
sample_001304.bin,3DES
sample_001305.bin,3DES
sample_001306.bin,3DES
sample_001307.bin,3DES
sample_001308.bin,3DES
sample_001309.bin,3DES
sample_001310.bin,3DES
sample_001311.bin,3DES
sample_001312.bin,3DES
sample_001313.bin,3DES
sample_001314.bin,3DES
sample_001315.bin,3DES
sample_001316.bin,3DES
sample_001317.bin,3DES
sample_001318.bin,3DES
sample_001319.bin,3DES
sample_001320.bin,3DES
sample_001321.bin,3DES
sample_001322.bin,3DES
sample_001323.bin,3DES
sample_001324.bin,3DES
sample_001325.bin,3DES
sample_001326.bin,3DES
sample_001327.bin,3DES
sample_001328.bin,3DES
sample_001329.bin,3DES
sample_001330.bin,3DES
sample_001331.bin,3DES
sample_001332.bin,3DES
sample_001333.bin,3DES
sample_001334.bin,3DES
sample_001335.bin,3DES
sample_001336.bin,3DES
sample_001337.bin,3DES
sample_001338.bin,3DES
sample_001339.bin,3DES
sample_001340.bin,3DES
sample_001341.bin,3DES
sample_001342.bin,3DES
sample_001343.bin,3DES
sample_001344.bin,3DES
sample_001345.bin,3DES
sample_001346.bin,3DES
sample_001347.bin,3DES
sample_001348.bin,3DES
sample_001349.bin,3DES
sample_001350.bin,3DES
sample_001351.bin,3DES
sample_001352.bin,3DES
sample_001353.bin,3DES
sample_001354.bin,3DES
sample_001355.bin,3DES
sample_001356.bin,3DES
sample_001357.bin,3DES
sample_001358.bin,3DES
sample_001359.bin,3DES
sample_001360.bin,3DES
sample_001361.bin,3DES
sample_001362.bin,3DES
sample_001363.bin,3DES
sample_001364.bin,3DES
sample_001365.bin,3DES
sample_001366.bin,3DES
sample_001367.bin,3DES
sample_001368.bin,3DES
sample_001369.bin,3DES
sample_001370.bin,3DES
sample_001371.bin,3DES
sample_001372.bin,3DES
sample_001373.bin,3DES
sample_001374.bin,3DES
sample_001375.bin,3DES
sample_001376.bin,3DES
sample_001377.bin,3DES
sample_001378.bin,3DES
sample_001379.bin,3DES
sample_001380.bin,3DES
sample_001381.bin,3DES
sample_001382.bin,3DES
sample_001383.bin,3DES
sample_001384.bin,3DES
sample_001385.bin,3DES
sample_001386.bin,3DES
sample_001387.bin,3DES
sample_001388.bin,3DES
sample_001389.bin,3DES
sample_001390.bin,3DES
sample_001391.bin,3DES
sample_001392.bin,3DES
sample_001393.bin,3DES
sample_001394.bin,3DES
sample_001395.bin,3DES
sample_001396.bin,3DES
sample_001397.bin,3DES
sample_001398.bin,3DES
sample_001399.bin,3DES
sample_001400.bin,3DES
sample_001401.bin,3DES
sample_001402.bin,3DES
sample_001403.bin,3DES
sample_001404.bin,3DES
sample_001405.bin,3DES
sample_001406.bin,3DES
sample_001407.bin,3DES
sample_001408.bin,3DES
sample_001409.bin,3DES
sample_001410.bin,3DES
sample_001411.bin,3DES
sample_001412.bin,3DES
sample_001413.bin,3DES
sample_001414.bin,3DES
sample_001415.bin,3DES
sample_001416.bin,3DES
sample_001417.bin,3DES
sample_001418.bin,3DES
sample_001419.bin,3DES
sample_001420.bin,3DES
sample_001421.bin,3DES
sample_001422.bin,3DES
sample_001423.bin,3DES
sample_001424.bin,3DES
sample_001425.bin,3DES
sample_001426.bin,3DES
sample_001427.bin,3DES
sample_001428.bin,3DES
sample_001429.bin,3DES
sample_001430.bin,3DES
sample_001431.bin,3DES
sample_001432.bin,3DES
sample_001433.bin,3DES
sample_001434.bin,3DES
sample_001435.bin,3DES
sample_001436.bin,3DES
sample_001437.bin,3DES
sample_001438.bin,3DES
sample_001439.bin,3DES
sample_001440.bin,3DES
sample_001441.bin,3DES
sample_001442.bin,3DES
sample_001443.bin,3DES
sample_001444.bin,3DES
sample_001445.bin,3DES
sample_001446.bin,3DES
sample_001447.bin,3DES
sample_001448.bin,3DES
sample_001449.bin,3DES
sample_001450.bin,3DES
sample_001451.bin,3DES
sample_001452.bin,3DES
sample_001453.bin,3DES
sample_001454.bin,3DES
sample_001455.bin,3DES
sample_001456.bin,3DES
sample_001457.bin,3DES
sample_001458.bin,3DES
sample_001459.bin,3DES
sample_001460.bin,3DES
sample_001461.bin,3DES
sample_001462.bin,3DES
sample_001463.bin,3DES
sample_001464.bin,3DES
sample_001465.bin,3DES
sample_001466.bin,3DES
sample_001467.bin,3DES
sample_001468.bin,3DES
sample_001469.bin,3DES
sample_001470.bin,3DES
sample_001471.bin,3DES
sample_001472.bin,3DES
sample_001473.bin,3DES
sample_001474.bin,3DES
sample_001475.bin,3DES
sample_001476.bin,3DES
sample_001477.bin,3DES
sample_001478.bin,3DES
sample_001479.bin,3DES
sample_001480.bin,3DES
sample_001481.bin,3DES
sample_001482.bin,3DES
sample_001483.bin,3DES
sample_001484.bin,3DES
sample_001485.bin,3DES
sample_001486.bin,3DES
sample_001487.bin,3DES
sample_001488.bin,3DES
sample_001489.bin,3DES
sample_001490.bin,3DES
sample_001491.bin,3DES
sample_001492.bin,3DES
sample_001493.bin,3DES
sample_001494.bin,3DES
sample_001495.bin,3DES
sample_001496.bin,3DES
sample_001497.bin,3DES
sample_001498.bin,3DES
sample_001499.bin,3DES
sample_001500.bin,RC4
sample_001501.bin,RC4
sample_001502.bin,RC4
sample_001503.bin,RC4
sample_001504.bin,RC4
sample_001505.bin,RC4
sample_001506.bin,RC4
sample_001507.bin,RC4
sample_001508.bin,RC4
sample_001509.bin,RC4
sample_001510.bin,RC4
sample_001511.bin,RC4
sample_001512.bin,RC4
sample_001513.bin,RC4
sample_001514.bin,RC4
sample_001515.bin,RC4
sample_001516.bin,RC4
sample_001517.bin,RC4
sample_001518.bin,RC4
sample_001519.bin,RC4
sample_001520.bin,RC4
sample_001521.bin,RC4
sample_001522.bin,RC4
sample_001523.bin,RC4
sample_001524.bin,RC4
sample_001525.bin,RC4
sample_001526.bin,RC4
sample_001527.bin,RC4
sample_001528.bin,RC4
sample_001529.bin,RC4
sample_001530.bin,RC4
sample_001531.bin,RC4
sample_001532.bin,RC4
sample_001533.bin,RC4
sample_001534.bin,RC4
sample_001535.bin,RC4
sample_001536.bin,RC4
sample_001537.bin,RC4
sample_001538.bin,RC4
sample_001539.bin,RC4
sample_001540.bin,RC4
sample_001541.bin,RC4
sample_001542.bin,RC4
sample_001543.bin,RC4
sample_001544.bin,RC4
sample_001545.bin,RC4
sample_001546.bin,RC4
sample_001547.bin,RC4
sample_001548.bin,RC4
sample_001549.bin,RC4
sample_001550.bin,RC4
sample_001551.bin,RC4
sample_001552.bin,RC4
sample_001553.bin,RC4
sample_001554.bin,RC4
sample_001555.bin,RC4
sample_001556.bin,RC4
sample_001557.bin,RC4
sample_001558.bin,RC4
sample_001559.bin,RC4
sample_001560.bin,RC4
sample_001561.bin,RC4
sample_001562.bin,RC4
sample_001563.bin,RC4
sample_001564.bin,RC4
sample_001565.bin,RC4
sample_001566.bin,RC4
sample_001567.bin,RC4
sample_001568.bin,RC4
sample_001569.bin,RC4
sample_001570.bin,RC4
sample_001571.bin,RC4
sample_001572.bin,RC4
sample_001573.bin,RC4
sample_001574.bin,RC4
sample_001575.bin,RC4
sample_001576.bin,RC4
sample_001577.bin,RC4
sample_001578.bin,RC4
sample_001579.bin,RC4
sample_001580.bin,RC4
sample_001581.bin,RC4
sample_001582.bin,RC4
sample_001583.bin,RC4
sample_001584.bin,RC4
sample_001585.bin,RC4
sample_001586.bin,RC4
sample_001587.bin,RC4
sample_001588.bin,RC4
sample_001589.bin,RC4
sample_001590.bin,RC4
sample_001591.bin,RC4
sample_001592.bin,RC4
sample_001593.bin,RC4
sample_001594.bin,RC4
sample_001595.bin,RC4
sample_001596.bin,RC4
sample_001597.bin,RC4
sample_001598.bin,RC4
sample_001599.bin,RC4
sample_001600.bin,RC4
sample_001601.bin,RC4
sample_001602.bin,RC4
sample_001603.bin,RC4
sample_001604.bin,RC4
sample_001605.bin,RC4
sample_001606.bin,RC4
sample_001607.bin,RC4
sample_001608.bin,RC4
sample_001609.bin,RC4
sample_001610.bin,RC4
sample_001611.bin,RC4
sample_001612.bin,RC4
sample_001613.bin,RC4
sample_001614.bin,RC4
sample_001615.bin,RC4
sample_001616.bin,RC4
sample_001617.bin,RC4
sample_001618.bin,RC4
sample_001619.bin,RC4
sample_001620.bin,RC4
sample_001621.bin,RC4
sample_001622.bin,RC4
sample_001623.bin,RC4
sample_001624.bin,RC4
sample_001625.bin,RC4
sample_001626.bin,RC4
sample_001627.bin,RC4
sample_001628.bin,RC4
sample_001629.bin,RC4
sample_001630.bin,RC4
sample_001631.bin,RC4
sample_001632.bin,RC4
sample_001633.bin,RC4
sample_001634.bin,RC4
sample_001635.bin,RC4
sample_001636.bin,RC4
sample_001637.bin,RC4
sample_001638.bin,RC4
sample_001639.bin,RC4
sample_001640.bin,RC4
sample_001641.bin,RC4
sample_001642.bin,RC4
sample_001643.bin,RC4
sample_001644.bin,RC4
sample_001645.bin,RC4
sample_001646.bin,RC4
sample_001647.bin,RC4
sample_001648.bin,RC4
sample_001649.bin,RC4
sample_001650.bin,RC4
sample_001651.bin,RC4
sample_001652.bin,RC4
sample_001653.bin,RC4
sample_001654.bin,RC4
sample_001655.bin,RC4
sample_001656.bin,RC4
sample_001657.bin,RC4
sample_001658.bin,RC4
sample_001659.bin,RC4
sample_001660.bin,RC4
sample_001661.bin,RC4
sample_001662.bin,RC4
sample_001663.bin,RC4
sample_001664.bin,RC4
sample_001665.bin,RC4
sample_001666.bin,RC4
sample_001667.bin,RC4
sample_001668.bin,RC4
sample_001669.bin,RC4
sample_001670.bin,RC4
sample_001671.bin,RC4
sample_001672.bin,RC4
sample_001673.bin,RC4
sample_001674.bin,RC4
sample_001675.bin,RC4
sample_001676.bin,RC4
sample_001677.bin,RC4
sample_001678.bin,RC4
sample_001679.bin,RC4
sample_001680.bin,RC4
sample_001681.bin,RC4
sample_001682.bin,RC4
sample_001683.bin,RC4
sample_001684.bin,RC4
sample_001685.bin,RC4
sample_001686.bin,RC4
sample_001687.bin,RC4
sample_001688.bin,RC4
sample_001689.bin,RC4
sample_001690.bin,RC4
sample_001691.bin,RC4
sample_001692.bin,RC4
sample_001693.bin,RC4
sample_001694.bin,RC4
sample_001695.bin,RC4
sample_001696.bin,RC4
sample_001697.bin,RC4
sample_001698.bin,RC4
sample_001699.bin,RC4
sample_001700.bin,RC4
sample_001701.bin,RC4
sample_001702.bin,RC4
sample_001703.bin,RC4
sample_001704.bin,RC4
sample_001705.bin,RC4
sample_001706.bin,RC4
sample_001707.bin,RC4
sample_001708.bin,RC4
sample_001709.bin,RC4
sample_001710.bin,RC4
sample_001711.bin,RC4
sample_001712.bin,RC4
sample_001713.bin,RC4
sample_001714.bin,RC4
sample_001715.bin,RC4
sample_001716.bin,RC4
sample_001717.bin,RC4
sample_001718.bin,RC4
sample_001719.bin,RC4
sample_001720.bin,RC4
sample_001721.bin,RC4
sample_001722.bin,RC4
sample_001723.bin,RC4
sample_001724.bin,RC4
sample_001725.bin,RC4
sample_001726.bin,RC4
sample_001727.bin,RC4
sample_001728.bin,RC4
sample_001729.bin,RC4
sample_001730.bin,RC4
sample_001731.bin,RC4
sample_001732.bin,RC4
sample_001733.bin,RC4
sample_001734.bin,RC4
sample_001735.bin,RC4
sample_001736.bin,RC4
sample_001737.bin,RC4
sample_001738.bin,RC4
sample_001739.bin,RC4
sample_001740.bin,RC4
sample_001741.bin,RC4
sample_001742.bin,RC4
sample_001743.bin,RC4
sample_001744.bin,RC4
sample_001745.bin,RC4
sample_001746.bin,RC4
sample_001747.bin,RC4
sample_001748.bin,RC4
sample_001749.bin,RC4
sample_001750.bin,RC4
sample_001751.bin,RC4
sample_001752.bin,RC4
sample_001753.bin,RC4
sample_001754.bin,RC4
sample_001755.bin,RC4
sample_001756.bin,RC4
sample_001757.bin,RC4
sample_001758.bin,RC4
sample_001759.bin,RC4
sample_001760.bin,RC4
sample_001761.bin,RC4
sample_001762.bin,RC4
sample_001763.bin,RC4
sample_001764.bin,RC4
sample_001765.bin,RC4
sample_001766.bin,RC4
sample_001767.bin,RC4
sample_001768.bin,RC4
sample_001769.bin,RC4
sample_001770.bin,RC4
sample_001771.bin,RC4
sample_001772.bin,RC4
sample_001773.bin,RC4
sample_001774.bin,RC4
sample_001775.bin,RC4
sample_001776.bin,RC4
sample_001777.bin,RC4
sample_001778.bin,RC4
sample_001779.bin,RC4
sample_001780.bin,RC4
sample_001781.bin,RC4
sample_001782.bin,RC4
sample_001783.bin,RC4
sample_001784.bin,RC4
sample_001785.bin,RC4
sample_001786.bin,RC4
sample_001787.bin,RC4
sample_001788.bin,RC4
sample_001789.bin,RC4
sample_001790.bin,RC4
sample_001791.bin,RC4
sample_001792.bin,RC4
sample_001793.bin,RC4
sample_001794.bin,RC4
sample_001795.bin,RC4
sample_001796.bin,RC4
sample_001797.bin,RC4
sample_001798.bin,RC4
sample_001799.bin,RC4
sample_001800.bin,RC4
sample_001801.bin,RC4
sample_001802.bin,RC4
sample_001803.bin,RC4
sample_001804.bin,RC4
sample_001805.bin,RC4
sample_001806.bin,RC4
sample_001807.bin,RC4
sample_001808.bin,RC4
sample_001809.bin,RC4
sample_001810.bin,RC4
sample_001811.bin,RC4
sample_001812.bin,RC4
sample_001813.bin,RC4
sample_001814.bin,RC4
sample_001815.bin,RC4
sample_001816.bin,RC4
sample_001817.bin,RC4
sample_001818.bin,RC4
sample_001819.bin,RC4
sample_001820.bin,RC4
sample_001821.bin,RC4
sample_001822.bin,RC4
sample_001823.bin,RC4
sample_001824.bin,RC4
sample_001825.bin,RC4
sample_001826.bin,RC4
sample_001827.bin,RC4
sample_001828.bin,RC4
sample_001829.bin,RC4
sample_001830.bin,RC4
sample_001831.bin,RC4
sample_001832.bin,RC4
sample_001833.bin,RC4
sample_001834.bin,RC4
sample_001835.bin,RC4
sample_001836.bin,RC4
sample_001837.bin,RC4
sample_001838.bin,RC4
sample_001839.bin,RC4
sample_001840.bin,RC4
sample_001841.bin,RC4
sample_001842.bin,RC4
sample_001843.bin,RC4
sample_001844.bin,RC4
sample_001845.bin,RC4
sample_001846.bin,RC4
sample_001847.bin,RC4
sample_001848.bin,RC4
sample_001849.bin,RC4
sample_001850.bin,RC4
sample_001851.bin,RC4
sample_001852.bin,RC4
sample_001853.bin,RC4
sample_001854.bin,RC4
sample_001855.bin,RC4
sample_001856.bin,RC4
sample_001857.bin,RC4
sample_001858.bin,RC4
sample_001859.bin,RC4
sample_001860.bin,RC4
sample_001861.bin,RC4
sample_001862.bin,RC4
sample_001863.bin,RC4
sample_001864.bin,RC4
sample_001865.bin,RC4
sample_001866.bin,RC4
sample_001867.bin,RC4
sample_001868.bin,RC4
sample_001869.bin,RC4
sample_001870.bin,RC4
sample_001871.bin,RC4
sample_001872.bin,RC4
sample_001873.bin,RC4
sample_001874.bin,RC4
sample_001875.bin,RC4
sample_001876.bin,RC4
sample_001877.bin,RC4
sample_001878.bin,RC4
sample_001879.bin,RC4
sample_001880.bin,RC4
sample_001881.bin,RC4
sample_001882.bin,RC4
sample_001883.bin,RC4
sample_001884.bin,RC4
sample_001885.bin,RC4
sample_001886.bin,RC4
sample_001887.bin,RC4
sample_001888.bin,RC4
sample_001889.bin,RC4
sample_001890.bin,RC4
sample_001891.bin,RC4
sample_001892.bin,RC4
sample_001893.bin,RC4
sample_001894.bin,RC4
sample_001895.bin,RC4
sample_001896.bin,RC4
sample_001897.bin,RC4
sample_001898.bin,RC4
sample_001899.bin,RC4
sample_001900.bin,RC4
sample_001901.bin,RC4
sample_001902.bin,RC4
sample_001903.bin,RC4
sample_001904.bin,RC4
sample_001905.bin,RC4
sample_001906.bin,RC4
sample_001907.bin,RC4
sample_001908.bin,RC4
sample_001909.bin,RC4
sample_001910.bin,RC4
sample_001911.bin,RC4
sample_001912.bin,RC4
sample_001913.bin,RC4
sample_001914.bin,RC4
sample_001915.bin,RC4
sample_001916.bin,RC4
sample_001917.bin,RC4
sample_001918.bin,RC4
sample_001919.bin,RC4
sample_001920.bin,RC4
sample_001921.bin,RC4
sample_001922.bin,RC4
sample_001923.bin,RC4
sample_001924.bin,RC4
sample_001925.bin,RC4
sample_001926.bin,RC4
sample_001927.bin,RC4
sample_001928.bin,RC4
sample_001929.bin,RC4
sample_001930.bin,RC4
sample_001931.bin,RC4
sample_001932.bin,RC4
sample_001933.bin,RC4
sample_001934.bin,RC4
sample_001935.bin,RC4
sample_001936.bin,RC4
sample_001937.bin,RC4
sample_001938.bin,RC4
sample_001939.bin,RC4
sample_001940.bin,RC4
sample_001941.bin,RC4
sample_001942.bin,RC4
sample_001943.bin,RC4
sample_001944.bin,RC4
sample_001945.bin,RC4
sample_001946.bin,RC4
sample_001947.bin,RC4
sample_001948.bin,RC4
sample_001949.bin,RC4
sample_001950.bin,RC4
sample_001951.bin,RC4
sample_001952.bin,RC4
sample_001953.bin,RC4
sample_001954.bin,RC4
sample_001955.bin,RC4
sample_001956.bin,RC4
sample_001957.bin,RC4
sample_001958.bin,RC4
sample_001959.bin,RC4
sample_001960.bin,RC4
sample_001961.bin,RC4
sample_001962.bin,RC4
sample_001963.bin,RC4
sample_001964.bin,RC4
sample_001965.bin,RC4
sample_001966.bin,RC4
sample_001967.bin,RC4
sample_001968.bin,RC4
sample_001969.bin,RC4
sample_001970.bin,RC4
sample_001971.bin,RC4
sample_001972.bin,RC4
sample_001973.bin,RC4
sample_001974.bin,RC4
sample_001975.bin,RC4
sample_001976.bin,RC4
sample_001977.bin,RC4
sample_001978.bin,RC4
sample_001979.bin,RC4
sample_001980.bin,RC4
sample_001981.bin,RC4
sample_001982.bin,RC4
sample_001983.bin,RC4
sample_001984.bin,RC4
sample_001985.bin,RC4
sample_001986.bin,RC4
sample_001987.bin,RC4
sample_001988.bin,RC4
sample_001989.bin,RC4
sample_001990.bin,RC4
sample_001991.bin,RC4
sample_001992.bin,RC4
sample_001993.bin,RC4
sample_001994.bin,RC4
sample_001995.bin,RC4
sample_001996.bin,RC4
sample_001997.bin,RC4
sample_001998.bin,RC4
sample_001999.bin,RC4
sample_002000.bin,ChaCha20
sample_002001.bin,ChaCha20
sample_002002.bin,ChaCha20
sample_002003.bin,ChaCha20
sample_002004.bin,ChaCha20
sample_002005.bin,ChaCha20
sample_002006.bin,ChaCha20
sample_002007.bin,ChaCha20
sample_002008.bin,ChaCha20
sample_002009.bin,ChaCha20
sample_002010.bin,ChaCha20
sample_002011.bin,ChaCha20
sample_002012.bin,ChaCha20
sample_002013.bin,ChaCha20
sample_002014.bin,ChaCha20
sample_002015.bin,ChaCha20
sample_002016.bin,ChaCha20
sample_002017.bin,ChaCha20
sample_002018.bin,ChaCha20
sample_002019.bin,ChaCha20
sample_002020.bin,ChaCha20
sample_002021.bin,ChaCha20
sample_002022.bin,ChaCha20
sample_002023.bin,ChaCha20
sample_002024.bin,ChaCha20
sample_002025.bin,ChaCha20
sample_002026.bin,ChaCha20
sample_002027.bin,ChaCha20
sample_002028.bin,ChaCha20
sample_002029.bin,ChaCha20
sample_002030.bin,ChaCha20
sample_002031.bin,ChaCha20
sample_002032.bin,ChaCha20
sample_002033.bin,ChaCha20
sample_002034.bin,ChaCha20
sample_002035.bin,ChaCha20
sample_002036.bin,ChaCha20
sample_002037.bin,ChaCha20
sample_002038.bin,ChaCha20
sample_002039.bin,ChaCha20
sample_002040.bin,ChaCha20
sample_002041.bin,ChaCha20
sample_002042.bin,ChaCha20
sample_002043.bin,ChaCha20
sample_002044.bin,ChaCha20
sample_002045.bin,ChaCha20
sample_002046.bin,ChaCha20
sample_002047.bin,ChaCha20
sample_002048.bin,ChaCha20
sample_002049.bin,ChaCha20
sample_002050.bin,ChaCha20
sample_002051.bin,ChaCha20
sample_002052.bin,ChaCha20
sample_002053.bin,ChaCha20
sample_002054.bin,ChaCha20
sample_002055.bin,ChaCha20
sample_002056.bin,ChaCha20
sample_002057.bin,ChaCha20
sample_002058.bin,ChaCha20
sample_002059.bin,ChaCha20
sample_002060.bin,ChaCha20
sample_002061.bin,ChaCha20
sample_002062.bin,ChaCha20
sample_002063.bin,ChaCha20
sample_002064.bin,ChaCha20
sample_002065.bin,ChaCha20
sample_002066.bin,ChaCha20
sample_002067.bin,ChaCha20
sample_002068.bin,ChaCha20
sample_002069.bin,ChaCha20
sample_002070.bin,ChaCha20
sample_002071.bin,ChaCha20
sample_002072.bin,ChaCha20
sample_002073.bin,ChaCha20
sample_002074.bin,ChaCha20
sample_002075.bin,ChaCha20
sample_002076.bin,ChaCha20
sample_002077.bin,ChaCha20
sample_002078.bin,ChaCha20
sample_002079.bin,ChaCha20
sample_002080.bin,ChaCha20
sample_002081.bin,ChaCha20
sample_002082.bin,ChaCha20
sample_002083.bin,ChaCha20
sample_002084.bin,ChaCha20
sample_002085.bin,ChaCha20
sample_002086.bin,ChaCha20
sample_002087.bin,ChaCha20
sample_002088.bin,ChaCha20
sample_002089.bin,ChaCha20
sample_002090.bin,ChaCha20
sample_002091.bin,ChaCha20
sample_002092.bin,ChaCha20
sample_002093.bin,ChaCha20
sample_002094.bin,ChaCha20
sample_002095.bin,ChaCha20
sample_002096.bin,ChaCha20
sample_002097.bin,ChaCha20
sample_002098.bin,ChaCha20
sample_002099.bin,ChaCha20
sample_002100.bin,ChaCha20
sample_002101.bin,ChaCha20
sample_002102.bin,ChaCha20
sample_002103.bin,ChaCha20
sample_002104.bin,ChaCha20
sample_002105.bin,ChaCha20
sample_002106.bin,ChaCha20
sample_002107.bin,ChaCha20
sample_002108.bin,ChaCha20
sample_002109.bin,ChaCha20
sample_002110.bin,ChaCha20
sample_002111.bin,ChaCha20
sample_002112.bin,ChaCha20
sample_002113.bin,ChaCha20
sample_002114.bin,ChaCha20
sample_002115.bin,ChaCha20
sample_002116.bin,ChaCha20
sample_002117.bin,ChaCha20
sample_002118.bin,ChaCha20
sample_002119.bin,ChaCha20
sample_002120.bin,ChaCha20
sample_002121.bin,ChaCha20
sample_002122.bin,ChaCha20
sample_002123.bin,ChaCha20
sample_002124.bin,ChaCha20
sample_002125.bin,ChaCha20
sample_002126.bin,ChaCha20
sample_002127.bin,ChaCha20
sample_002128.bin,ChaCha20
sample_002129.bin,ChaCha20
sample_002130.bin,ChaCha20
sample_002131.bin,ChaCha20
sample_002132.bin,ChaCha20
sample_002133.bin,ChaCha20
sample_002134.bin,ChaCha20
sample_002135.bin,ChaCha20
sample_002136.bin,ChaCha20
sample_002137.bin,ChaCha20
sample_002138.bin,ChaCha20
sample_002139.bin,ChaCha20
sample_002140.bin,ChaCha20
sample_002141.bin,ChaCha20
sample_002142.bin,ChaCha20
sample_002143.bin,ChaCha20
sample_002144.bin,ChaCha20
sample_002145.bin,ChaCha20
sample_002146.bin,ChaCha20
sample_002147.bin,ChaCha20
sample_002148.bin,ChaCha20
sample_002149.bin,ChaCha20
sample_002150.bin,ChaCha20
sample_002151.bin,ChaCha20
sample_002152.bin,ChaCha20
sample_002153.bin,ChaCha20
sample_002154.bin,ChaCha20
sample_002155.bin,ChaCha20
sample_002156.bin,ChaCha20
sample_002157.bin,ChaCha20
sample_002158.bin,ChaCha20
sample_002159.bin,ChaCha20
sample_002160.bin,ChaCha20
sample_002161.bin,ChaCha20
sample_002162.bin,ChaCha20
sample_002163.bin,ChaCha20
sample_002164.bin,ChaCha20
sample_002165.bin,ChaCha20
sample_002166.bin,ChaCha20
sample_002167.bin,ChaCha20
sample_002168.bin,ChaCha20
sample_002169.bin,ChaCha20
sample_002170.bin,ChaCha20
sample_002171.bin,ChaCha20
sample_002172.bin,ChaCha20
sample_002173.bin,ChaCha20
sample_002174.bin,ChaCha20
sample_002175.bin,ChaCha20
sample_002176.bin,ChaCha20
sample_002177.bin,ChaCha20
sample_002178.bin,ChaCha20
sample_002179.bin,ChaCha20
sample_002180.bin,ChaCha20
sample_002181.bin,ChaCha20
sample_002182.bin,ChaCha20
sample_002183.bin,ChaCha20
sample_002184.bin,ChaCha20
sample_002185.bin,ChaCha20
sample_002186.bin,ChaCha20
sample_002187.bin,ChaCha20
sample_002188.bin,ChaCha20
sample_002189.bin,ChaCha20
sample_002190.bin,ChaCha20
sample_002191.bin,ChaCha20
sample_002192.bin,ChaCha20
sample_002193.bin,ChaCha20
sample_002194.bin,ChaCha20
sample_002195.bin,ChaCha20
sample_002196.bin,ChaCha20
sample_002197.bin,ChaCha20
sample_002198.bin,ChaCha20
sample_002199.bin,ChaCha20
sample_002200.bin,ChaCha20
sample_002201.bin,ChaCha20
sample_002202.bin,ChaCha20
sample_002203.bin,ChaCha20
sample_002204.bin,ChaCha20
sample_002205.bin,ChaCha20
sample_002206.bin,ChaCha20
sample_002207.bin,ChaCha20
sample_002208.bin,ChaCha20
sample_002209.bin,ChaCha20
sample_002210.bin,ChaCha20
sample_002211.bin,ChaCha20
sample_002212.bin,ChaCha20
sample_002213.bin,ChaCha20
sample_002214.bin,ChaCha20
sample_002215.bin,ChaCha20
sample_002216.bin,ChaCha20
sample_002217.bin,ChaCha20
sample_002218.bin,ChaCha20
sample_002219.bin,ChaCha20
sample_002220.bin,ChaCha20
sample_002221.bin,ChaCha20
sample_002222.bin,ChaCha20
sample_002223.bin,ChaCha20
sample_002224.bin,ChaCha20
sample_002225.bin,ChaCha20
sample_002226.bin,ChaCha20
sample_002227.bin,ChaCha20
sample_002228.bin,ChaCha20
sample_002229.bin,ChaCha20
sample_002230.bin,ChaCha20
sample_002231.bin,ChaCha20
sample_002232.bin,ChaCha20
sample_002233.bin,ChaCha20
sample_002234.bin,ChaCha20
sample_002235.bin,ChaCha20
sample_002236.bin,ChaCha20
sample_002237.bin,ChaCha20
sample_002238.bin,ChaCha20
sample_002239.bin,ChaCha20
sample_002240.bin,ChaCha20
sample_002241.bin,ChaCha20
sample_002242.bin,ChaCha20
sample_002243.bin,ChaCha20
sample_002244.bin,ChaCha20
sample_002245.bin,ChaCha20
sample_002246.bin,ChaCha20
sample_002247.bin,ChaCha20
sample_002248.bin,ChaCha20
sample_002249.bin,ChaCha20
sample_002250.bin,ChaCha20
sample_002251.bin,ChaCha20
sample_002252.bin,ChaCha20
sample_002253.bin,ChaCha20
sample_002254.bin,ChaCha20
sample_002255.bin,ChaCha20
sample_002256.bin,ChaCha20
sample_002257.bin,ChaCha20
sample_002258.bin,ChaCha20
sample_002259.bin,ChaCha20
sample_002260.bin,ChaCha20
sample_002261.bin,ChaCha20
sample_002262.bin,ChaCha20
sample_002263.bin,ChaCha20
sample_002264.bin,ChaCha20
sample_002265.bin,ChaCha20
sample_002266.bin,ChaCha20
sample_002267.bin,ChaCha20
sample_002268.bin,ChaCha20
sample_002269.bin,ChaCha20
sample_002270.bin,ChaCha20
sample_002271.bin,ChaCha20
sample_002272.bin,ChaCha20
sample_002273.bin,ChaCha20
sample_002274.bin,ChaCha20
sample_002275.bin,ChaCha20
sample_002276.bin,ChaCha20
sample_002277.bin,ChaCha20
sample_002278.bin,ChaCha20
sample_002279.bin,ChaCha20
sample_002280.bin,ChaCha20
sample_002281.bin,ChaCha20
sample_002282.bin,ChaCha20
sample_002283.bin,ChaCha20
sample_002284.bin,ChaCha20
sample_002285.bin,ChaCha20
sample_002286.bin,ChaCha20
sample_002287.bin,ChaCha20
sample_002288.bin,ChaCha20
sample_002289.bin,ChaCha20
sample_002290.bin,ChaCha20
sample_002291.bin,ChaCha20
sample_002292.bin,ChaCha20
sample_002293.bin,ChaCha20
sample_002294.bin,ChaCha20
sample_002295.bin,ChaCha20
sample_002296.bin,ChaCha20
sample_002297.bin,ChaCha20
sample_002298.bin,ChaCha20
sample_002299.bin,ChaCha20
sample_002300.bin,ChaCha20
sample_002301.bin,ChaCha20
sample_002302.bin,ChaCha20
sample_002303.bin,ChaCha20
sample_002304.bin,ChaCha20
sample_002305.bin,ChaCha20
sample_002306.bin,ChaCha20
sample_002307.bin,ChaCha20
sample_002308.bin,ChaCha20
sample_002309.bin,ChaCha20
sample_002310.bin,ChaCha20
sample_002311.bin,ChaCha20
sample_002312.bin,ChaCha20
sample_002313.bin,ChaCha20
sample_002314.bin,ChaCha20
sample_002315.bin,ChaCha20
sample_002316.bin,ChaCha20
sample_002317.bin,ChaCha20
sample_002318.bin,ChaCha20
sample_002319.bin,ChaCha20
sample_002320.bin,ChaCha20
sample_002321.bin,ChaCha20
sample_002322.bin,ChaCha20
sample_002323.bin,ChaCha20
sample_002324.bin,ChaCha20
sample_002325.bin,ChaCha20
sample_002326.bin,ChaCha20
sample_002327.bin,ChaCha20
sample_002328.bin,ChaCha20
sample_002329.bin,ChaCha20
sample_002330.bin,ChaCha20
sample_002331.bin,ChaCha20
sample_002332.bin,ChaCha20
sample_002333.bin,ChaCha20
sample_002334.bin,ChaCha20
sample_002335.bin,ChaCha20
sample_002336.bin,ChaCha20
sample_002337.bin,ChaCha20
sample_002338.bin,ChaCha20
sample_002339.bin,ChaCha20
sample_002340.bin,ChaCha20
sample_002341.bin,ChaCha20
sample_002342.bin,ChaCha20
sample_002343.bin,ChaCha20
sample_002344.bin,ChaCha20
sample_002345.bin,ChaCha20
sample_002346.bin,ChaCha20
sample_002347.bin,ChaCha20
sample_002348.bin,ChaCha20
sample_002349.bin,ChaCha20
sample_002350.bin,ChaCha20
sample_002351.bin,ChaCha20
sample_002352.bin,ChaCha20
sample_002353.bin,ChaCha20
sample_002354.bin,ChaCha20
sample_002355.bin,ChaCha20
sample_002356.bin,ChaCha20
sample_002357.bin,ChaCha20
sample_002358.bin,ChaCha20
sample_002359.bin,ChaCha20
sample_002360.bin,ChaCha20
sample_002361.bin,ChaCha20
sample_002362.bin,ChaCha20
sample_002363.bin,ChaCha20
sample_002364.bin,ChaCha20
sample_002365.bin,ChaCha20
sample_002366.bin,ChaCha20
sample_002367.bin,ChaCha20
sample_002368.bin,ChaCha20
sample_002369.bin,ChaCha20
sample_002370.bin,ChaCha20
sample_002371.bin,ChaCha20
sample_002372.bin,ChaCha20
sample_002373.bin,ChaCha20
sample_002374.bin,ChaCha20
sample_002375.bin,ChaCha20
sample_002376.bin,ChaCha20
sample_002377.bin,ChaCha20
sample_002378.bin,ChaCha20
sample_002379.bin,ChaCha20
sample_002380.bin,ChaCha20
sample_002381.bin,ChaCha20
sample_002382.bin,ChaCha20
sample_002383.bin,ChaCha20
sample_002384.bin,ChaCha20
sample_002385.bin,ChaCha20
sample_002386.bin,ChaCha20
sample_002387.bin,ChaCha20
sample_002388.bin,ChaCha20
sample_002389.bin,ChaCha20
sample_002390.bin,ChaCha20
sample_002391.bin,ChaCha20
sample_002392.bin,ChaCha20
sample_002393.bin,ChaCha20
sample_002394.bin,ChaCha20
sample_002395.bin,ChaCha20
sample_002396.bin,ChaCha20
sample_002397.bin,ChaCha20
sample_002398.bin,ChaCha20
sample_002399.bin,ChaCha20
sample_002400.bin,ChaCha20
sample_002401.bin,ChaCha20
sample_002402.bin,ChaCha20
sample_002403.bin,ChaCha20
sample_002404.bin,ChaCha20
sample_002405.bin,ChaCha20
sample_002406.bin,ChaCha20
sample_002407.bin,ChaCha20
sample_002408.bin,ChaCha20
sample_002409.bin,ChaCha20
sample_002410.bin,ChaCha20
sample_002411.bin,ChaCha20
sample_002412.bin,ChaCha20
sample_002413.bin,ChaCha20
sample_002414.bin,ChaCha20
sample_002415.bin,ChaCha20
sample_002416.bin,ChaCha20
sample_002417.bin,ChaCha20
sample_002418.bin,ChaCha20
sample_002419.bin,ChaCha20
sample_002420.bin,ChaCha20
sample_002421.bin,ChaCha20
sample_002422.bin,ChaCha20
sample_002423.bin,ChaCha20
sample_002424.bin,ChaCha20
sample_002425.bin,ChaCha20
sample_002426.bin,ChaCha20
sample_002427.bin,ChaCha20
sample_002428.bin,ChaCha20
sample_002429.bin,ChaCha20
sample_002430.bin,ChaCha20
sample_002431.bin,ChaCha20
sample_002432.bin,ChaCha20
sample_002433.bin,ChaCha20
sample_002434.bin,ChaCha20
sample_002435.bin,ChaCha20
sample_002436.bin,ChaCha20
sample_002437.bin,ChaCha20
sample_002438.bin,ChaCha20
sample_002439.bin,ChaCha20
sample_002440.bin,ChaCha20
sample_002441.bin,ChaCha20
sample_002442.bin,ChaCha20
sample_002443.bin,ChaCha20
sample_002444.bin,ChaCha20
sample_002445.bin,ChaCha20
sample_002446.bin,ChaCha20
sample_002447.bin,ChaCha20
sample_002448.bin,ChaCha20
sample_002449.bin,ChaCha20
sample_002450.bin,ChaCha20
sample_002451.bin,ChaCha20
sample_002452.bin,ChaCha20
sample_002453.bin,ChaCha20
sample_002454.bin,ChaCha20
sample_002455.bin,ChaCha20
sample_002456.bin,ChaCha20
sample_002457.bin,ChaCha20
sample_002458.bin,ChaCha20
sample_002459.bin,ChaCha20
sample_002460.bin,ChaCha20
sample_002461.bin,ChaCha20
sample_002462.bin,ChaCha20
sample_002463.bin,ChaCha20
sample_002464.bin,ChaCha20
sample_002465.bin,ChaCha20
sample_002466.bin,ChaCha20
sample_002467.bin,ChaCha20
sample_002468.bin,ChaCha20
sample_002469.bin,ChaCha20
sample_002470.bin,ChaCha20
sample_002471.bin,ChaCha20
sample_002472.bin,ChaCha20
sample_002473.bin,ChaCha20
sample_002474.bin,ChaCha20
sample_002475.bin,ChaCha20
sample_002476.bin,ChaCha20
sample_002477.bin,ChaCha20
sample_002478.bin,ChaCha20
sample_002479.bin,ChaCha20
sample_002480.bin,ChaCha20
sample_002481.bin,ChaCha20
sample_002482.bin,ChaCha20
sample_002483.bin,ChaCha20
sample_002484.bin,ChaCha20
sample_002485.bin,ChaCha20
sample_002486.bin,ChaCha20
sample_002487.bin,ChaCha20
sample_002488.bin,ChaCha20
sample_002489.bin,ChaCha20
sample_002490.bin,ChaCha20
sample_002491.bin,ChaCha20
sample_002492.bin,ChaCha20
sample_002493.bin,ChaCha20
sample_002494.bin,ChaCha20
sample_002495.bin,ChaCha20
sample_002496.bin,ChaCha20
sample_002497.bin,ChaCha20
sample_002498.bin,ChaCha20
sample_002499.bin,ChaCha20
sample_002500.bin,RSA
sample_002501.bin,RSA
sample_002502.bin,RSA
sample_002503.bin,RSA
sample_002504.bin,RSA
sample_002505.bin,RSA
sample_002506.bin,RSA
sample_002507.bin,RSA
sample_002508.bin,RSA
sample_002509.bin,RSA
sample_002510.bin,RSA
sample_002511.bin,RSA
sample_002512.bin,RSA
sample_002513.bin,RSA
sample_002514.bin,RSA
sample_002515.bin,RSA
sample_002516.bin,RSA
sample_002517.bin,RSA
sample_002518.bin,RSA
sample_002519.bin,RSA
sample_002520.bin,RSA
sample_002521.bin,RSA
sample_002522.bin,RSA
sample_002523.bin,RSA
sample_002524.bin,RSA
sample_002525.bin,RSA
sample_002526.bin,RSA
sample_002527.bin,RSA
sample_002528.bin,RSA
sample_002529.bin,RSA
sample_002530.bin,RSA
sample_002531.bin,RSA
sample_002532.bin,RSA
sample_002533.bin,RSA
sample_002534.bin,RSA
sample_002535.bin,RSA
sample_002536.bin,RSA
sample_002537.bin,RSA
sample_002538.bin,RSA
sample_002539.bin,RSA
sample_002540.bin,RSA
sample_002541.bin,RSA
sample_002542.bin,RSA
sample_002543.bin,RSA
sample_002544.bin,RSA
sample_002545.bin,RSA
sample_002546.bin,RSA
sample_002547.bin,RSA
sample_002548.bin,RSA
sample_002549.bin,RSA
sample_002550.bin,RSA
sample_002551.bin,RSA
sample_002552.bin,RSA
sample_002553.bin,RSA
sample_002554.bin,RSA
sample_002555.bin,RSA
sample_002556.bin,RSA
sample_002557.bin,RSA
sample_002558.bin,RSA
sample_002559.bin,RSA
sample_002560.bin,RSA
sample_002561.bin,RSA
sample_002562.bin,RSA
sample_002563.bin,RSA
sample_002564.bin,RSA
sample_002565.bin,RSA
sample_002566.bin,RSA
sample_002567.bin,RSA
sample_002568.bin,RSA
sample_002569.bin,RSA
sample_002570.bin,RSA
sample_002571.bin,RSA
sample_002572.bin,RSA
sample_002573.bin,RSA
sample_002574.bin,RSA
sample_002575.bin,RSA
sample_002576.bin,RSA
sample_002577.bin,RSA
sample_002578.bin,RSA
sample_002579.bin,RSA
sample_002580.bin,RSA
sample_002581.bin,RSA
sample_002582.bin,RSA
sample_002583.bin,RSA
sample_002584.bin,RSA
sample_002585.bin,RSA
sample_002586.bin,RSA
sample_002587.bin,RSA
sample_002588.bin,RSA
sample_002589.bin,RSA
sample_002590.bin,RSA
sample_002591.bin,RSA
sample_002592.bin,RSA
sample_002593.bin,RSA
sample_002594.bin,RSA
sample_002595.bin,RSA
sample_002596.bin,RSA
sample_002597.bin,RSA
sample_002598.bin,RSA
sample_002599.bin,RSA
sample_002600.bin,RSA
sample_002601.bin,RSA
sample_002602.bin,RSA
sample_002603.bin,RSA
sample_002604.bin,RSA
sample_002605.bin,RSA
sample_002606.bin,RSA
sample_002607.bin,RSA
sample_002608.bin,RSA
sample_002609.bin,RSA
sample_002610.bin,RSA
sample_002611.bin,RSA
sample_002612.bin,RSA
sample_002613.bin,RSA
sample_002614.bin,RSA
sample_002615.bin,RSA
sample_002616.bin,RSA
sample_002617.bin,RSA
sample_002618.bin,RSA
sample_002619.bin,RSA
sample_002620.bin,RSA
sample_002621.bin,RSA
sample_002622.bin,RSA
sample_002623.bin,RSA
sample_002624.bin,RSA
sample_002625.bin,RSA
sample_002626.bin,RSA
sample_002627.bin,RSA
sample_002628.bin,RSA
sample_002629.bin,RSA
sample_002630.bin,RSA
sample_002631.bin,RSA
sample_002632.bin,RSA
sample_002633.bin,RSA
sample_002634.bin,RSA
sample_002635.bin,RSA
sample_002636.bin,RSA
sample_002637.bin,RSA
sample_002638.bin,RSA
sample_002639.bin,RSA
sample_002640.bin,RSA
sample_002641.bin,RSA
sample_002642.bin,RSA
sample_002643.bin,RSA
sample_002644.bin,RSA
sample_002645.bin,RSA
sample_002646.bin,RSA
sample_002647.bin,RSA
sample_002648.bin,RSA
sample_002649.bin,RSA
sample_002650.bin,RSA
sample_002651.bin,RSA
sample_002652.bin,RSA
sample_002653.bin,RSA
sample_002654.bin,RSA
sample_002655.bin,RSA
sample_002656.bin,RSA
sample_002657.bin,RSA
sample_002658.bin,RSA
sample_002659.bin,RSA
sample_002660.bin,RSA
sample_002661.bin,RSA
sample_002662.bin,RSA
sample_002663.bin,RSA
sample_002664.bin,RSA
sample_002665.bin,RSA
sample_002666.bin,RSA
sample_002667.bin,RSA
sample_002668.bin,RSA
sample_002669.bin,RSA
sample_002670.bin,RSA
sample_002671.bin,RSA
sample_002672.bin,RSA
sample_002673.bin,RSA
sample_002674.bin,RSA
sample_002675.bin,RSA
sample_002676.bin,RSA
sample_002677.bin,RSA
sample_002678.bin,RSA
sample_002679.bin,RSA
sample_002680.bin,RSA
sample_002681.bin,RSA
sample_002682.bin,RSA
sample_002683.bin,RSA
sample_002684.bin,RSA
sample_002685.bin,RSA
sample_002686.bin,RSA
sample_002687.bin,RSA
sample_002688.bin,RSA
sample_002689.bin,RSA
sample_002690.bin,RSA
sample_002691.bin,RSA
sample_002692.bin,RSA
sample_002693.bin,RSA
sample_002694.bin,RSA
sample_002695.bin,RSA
sample_002696.bin,RSA
sample_002697.bin,RSA
sample_002698.bin,RSA
sample_002699.bin,RSA
sample_002700.bin,RSA
sample_002701.bin,RSA
sample_002702.bin,RSA
sample_002703.bin,RSA
sample_002704.bin,RSA
sample_002705.bin,RSA
sample_002706.bin,RSA
sample_002707.bin,RSA
sample_002708.bin,RSA
sample_002709.bin,RSA
sample_002710.bin,RSA
sample_002711.bin,RSA
sample_002712.bin,RSA
sample_002713.bin,RSA
sample_002714.bin,RSA
sample_002715.bin,RSA
sample_002716.bin,RSA
sample_002717.bin,RSA
sample_002718.bin,RSA
sample_002719.bin,RSA
sample_002720.bin,RSA
sample_002721.bin,RSA
sample_002722.bin,RSA
sample_002723.bin,RSA
sample_002724.bin,RSA
sample_002725.bin,RSA
sample_002726.bin,RSA
sample_002727.bin,RSA
sample_002728.bin,RSA
sample_002729.bin,RSA
sample_002730.bin,RSA
sample_002731.bin,RSA
sample_002732.bin,RSA
sample_002733.bin,RSA
sample_002734.bin,RSA
sample_002735.bin,RSA
sample_002736.bin,RSA
sample_002737.bin,RSA
sample_002738.bin,RSA
sample_002739.bin,RSA
sample_002740.bin,RSA
sample_002741.bin,RSA
sample_002742.bin,RSA
sample_002743.bin,RSA
sample_002744.bin,RSA
sample_002745.bin,RSA
sample_002746.bin,RSA
sample_002747.bin,RSA
sample_002748.bin,RSA
sample_002749.bin,RSA
sample_002750.bin,RSA
sample_002751.bin,RSA
sample_002752.bin,RSA
sample_002753.bin,RSA
sample_002754.bin,RSA
sample_002755.bin,RSA
sample_002756.bin,RSA
sample_002757.bin,RSA
sample_002758.bin,RSA
sample_002759.bin,RSA
sample_002760.bin,RSA
sample_002761.bin,RSA
sample_002762.bin,RSA
sample_002763.bin,RSA
sample_002764.bin,RSA
sample_002765.bin,RSA
sample_002766.bin,RSA
sample_002767.bin,RSA
sample_002768.bin,RSA
sample_002769.bin,RSA
sample_002770.bin,RSA
sample_002771.bin,RSA
sample_002772.bin,RSA
sample_002773.bin,RSA
sample_002774.bin,RSA
sample_002775.bin,RSA
sample_002776.bin,RSA
sample_002777.bin,RSA
sample_002778.bin,RSA
sample_002779.bin,RSA
sample_002780.bin,RSA
sample_002781.bin,RSA
sample_002782.bin,RSA
sample_002783.bin,RSA
sample_002784.bin,RSA
sample_002785.bin,RSA
sample_002786.bin,RSA
sample_002787.bin,RSA
sample_002788.bin,RSA
sample_002789.bin,RSA
sample_002790.bin,RSA
sample_002791.bin,RSA
sample_002792.bin,RSA
sample_002793.bin,RSA
sample_002794.bin,RSA
sample_002795.bin,RSA
sample_002796.bin,RSA
sample_002797.bin,RSA
sample_002798.bin,RSA
sample_002799.bin,RSA
sample_002800.bin,RSA
sample_002801.bin,RSA
sample_002802.bin,RSA
sample_002803.bin,RSA
sample_002804.bin,RSA
sample_002805.bin,RSA
sample_002806.bin,RSA
sample_002807.bin,RSA
sample_002808.bin,RSA
sample_002809.bin,RSA
sample_002810.bin,RSA
sample_002811.bin,RSA
sample_002812.bin,RSA
sample_002813.bin,RSA
sample_002814.bin,RSA
sample_002815.bin,RSA
sample_002816.bin,RSA
sample_002817.bin,RSA
sample_002818.bin,RSA
sample_002819.bin,RSA
sample_002820.bin,RSA
sample_002821.bin,RSA
sample_002822.bin,RSA
sample_002823.bin,RSA
sample_002824.bin,RSA
sample_002825.bin,RSA
sample_002826.bin,RSA
sample_002827.bin,RSA
sample_002828.bin,RSA
sample_002829.bin,RSA
sample_002830.bin,RSA
sample_002831.bin,RSA
sample_002832.bin,RSA
sample_002833.bin,RSA
sample_002834.bin,RSA
sample_002835.bin,RSA
sample_002836.bin,RSA
sample_002837.bin,RSA
sample_002838.bin,RSA
sample_002839.bin,RSA
sample_002840.bin,RSA
sample_002841.bin,RSA
sample_002842.bin,RSA
sample_002843.bin,RSA
sample_002844.bin,RSA
sample_002845.bin,RSA
sample_002846.bin,RSA
sample_002847.bin,RSA
sample_002848.bin,RSA
sample_002849.bin,RSA
sample_002850.bin,RSA
sample_002851.bin,RSA
sample_002852.bin,RSA
sample_002853.bin,RSA
sample_002854.bin,RSA
sample_002855.bin,RSA
sample_002856.bin,RSA
sample_002857.bin,RSA
sample_002858.bin,RSA
sample_002859.bin,RSA
sample_002860.bin,RSA
sample_002861.bin,RSA
sample_002862.bin,RSA
sample_002863.bin,RSA
sample_002864.bin,RSA
sample_002865.bin,RSA
sample_002866.bin,RSA
sample_002867.bin,RSA
sample_002868.bin,RSA
sample_002869.bin,RSA
sample_002870.bin,RSA
sample_002871.bin,RSA
sample_002872.bin,RSA
sample_002873.bin,RSA
sample_002874.bin,RSA
sample_002875.bin,RSA
sample_002876.bin,RSA
sample_002877.bin,RSA
sample_002878.bin,RSA
sample_002879.bin,RSA
sample_002880.bin,RSA
sample_002881.bin,RSA
sample_002882.bin,RSA
sample_002883.bin,RSA
sample_002884.bin,RSA
sample_002885.bin,RSA
sample_002886.bin,RSA
sample_002887.bin,RSA
sample_002888.bin,RSA
sample_002889.bin,RSA
sample_002890.bin,RSA
sample_002891.bin,RSA
sample_002892.bin,RSA
sample_002893.bin,RSA
sample_002894.bin,RSA
sample_002895.bin,RSA
sample_002896.bin,RSA
sample_002897.bin,RSA
sample_002898.bin,RSA
sample_002899.bin,RSA
sample_002900.bin,RSA
sample_002901.bin,RSA
sample_002902.bin,RSA
sample_002903.bin,RSA
sample_002904.bin,RSA
sample_002905.bin,RSA
sample_002906.bin,RSA
sample_002907.bin,RSA
sample_002908.bin,RSA
sample_002909.bin,RSA
sample_002910.bin,RSA
sample_002911.bin,RSA
sample_002912.bin,RSA
sample_002913.bin,RSA
sample_002914.bin,RSA
sample_002915.bin,RSA
sample_002916.bin,RSA
sample_002917.bin,RSA
sample_002918.bin,RSA
sample_002919.bin,RSA
sample_002920.bin,RSA
sample_002921.bin,RSA
sample_002922.bin,RSA
sample_002923.bin,RSA
sample_002924.bin,RSA
sample_002925.bin,RSA
sample_002926.bin,RSA
sample_002927.bin,RSA
sample_002928.bin,RSA
sample_002929.bin,RSA
sample_002930.bin,RSA
sample_002931.bin,RSA
sample_002932.bin,RSA
sample_002933.bin,RSA
sample_002934.bin,RSA
sample_002935.bin,RSA
sample_002936.bin,RSA
sample_002937.bin,RSA
sample_002938.bin,RSA
sample_002939.bin,RSA
sample_002940.bin,RSA
sample_002941.bin,RSA
sample_002942.bin,RSA
sample_002943.bin,RSA
sample_002944.bin,RSA
sample_002945.bin,RSA
sample_002946.bin,RSA
sample_002947.bin,RSA
sample_002948.bin,RSA
sample_002949.bin,RSA
sample_002950.bin,RSA
sample_002951.bin,RSA
sample_002952.bin,RSA
sample_002953.bin,RSA
sample_002954.bin,RSA
sample_002955.bin,RSA
sample_002956.bin,RSA
sample_002957.bin,RSA
sample_002958.bin,RSA
sample_002959.bin,RSA
sample_002960.bin,RSA
sample_002961.bin,RSA
sample_002962.bin,RSA
sample_002963.bin,RSA
sample_002964.bin,RSA
sample_002965.bin,RSA
sample_002966.bin,RSA
sample_002967.bin,RSA
sample_002968.bin,RSA
sample_002969.bin,RSA
sample_002970.bin,RSA
sample_002971.bin,RSA
sample_002972.bin,RSA
sample_002973.bin,RSA
sample_002974.bin,RSA
sample_002975.bin,RSA
sample_002976.bin,RSA
sample_002977.bin,RSA
sample_002978.bin,RSA
sample_002979.bin,RSA
sample_002980.bin,RSA
sample_002981.bin,RSA
sample_002982.bin,RSA
sample_002983.bin,RSA
sample_002984.bin,RSA
sample_002985.bin,RSA
sample_002986.bin,RSA
sample_002987.bin,RSA
sample_002988.bin,RSA
sample_002989.bin,RSA
sample_002990.bin,RSA
sample_002991.bin,RSA
sample_002992.bin,RSA
sample_002993.bin,RSA
sample_002994.bin,RSA
sample_002995.bin,RSA
sample_002996.bin,RSA
sample_002997.bin,RSA
sample_002998.bin,RSA
sample_002999.bin,RSA
